<?xml version="1.0"?>
<version>5</version>
<komplettspeicherung>201906150928</komplettspeicherung>
<Daten>

<Quelle>
<Id>2</Id>
<Typ>Artikel</Typ>
<Autor>Akerlof, George A.;</Autor>
<Jahr>1970</Jahr>
<Titel>The Market for 'Lemons': Quality Uncertainty and the Market Mechanism</Titel>
<Zeitschrift>The Quarterly Journal of Economics</Zeitschrift>
<Band>84</Band>
<Nummer>3</Nummer>
<Seiten>488-500</Seiten>
<Anmerkung>ein Beispiel für eine Literaturquelle</Anmerkung>
<Erstautor>Akerlof</Erstautor>
<Bearbeitung>201906150927</Bearbeitung>
<erstellt>vor/am 08.03.2019</erstellt>
</Quelle>
</Daten>
